id,fire_location_latitude,fire_location_longitude,fire_year
1,49.410191,-114.318843,2021
2,50.403817,-114.496917,2021
3,53.752683,-116.657933,2021
4,53.6002,-116.2014,2021
5,53.414,-115.785417,2021
6,53.73745,-115.598867,2021
7,53.641917,-115.777333,2021
8,53.333967,-117.844917,2021
9,55.088917,-117.39575,2021
10,58.717583,-118.751667,2021
11,58.715583,-118.745533,2021
12,59.242767,-118.570883,2021
13,57.829086,-116.824495,2021
14,58.463758,-114.394088,2021
15,58.544067,-116.96785,2021
16,59.016429,-119.746914,2021
17,58.5442,-117.124633,2021
18,58.460801,-114.443502,2021
19,58.5812,-117.924783,2021
20,55.91965,-110.738167,2021
21,55.937533,-110.719617,2021
22,54.850633,-114.074333,2021
23,54.5834,-111.881004,2021
24,54.893567,-112.70575,2021
25,54.622783,-111.6576,2021
26,54.613,-111.661833,2021
27,54.654617,-113.937583,2021
28,55.922017,-110.7371,2021
29,55.631584,-111.088055,2021
30,55.9352,-110.721267,2021
31,55.621967,-111.178733,2021
32,54.990075,-111.02638,2021
33,55.228367,-113.196383,2021
34,54.6747,-111.902333,2021
35,56.471517,-111.204917,2021
36,56.94265,-111.551083,2021
37,56.001833,-116.912333,2021
38,56.107983,-116.992667,2021
39,57.074283,-117.626767,2021
40,56.475683,-116.379183,2021
41,52.943363,-115.897143,2021
42,53.045585,-115.015775,2021
43,51.871083,-114.94795,2021
44,52.763617,-115.319717,2021
45,53.0503,-115.579,2021
46,53.02195,-115.066833,2021
47,52.907033,-115.38755,2021
48,55.213617,-114.775,2021
49,55.939267,-113.778567,2021
50,55.881133,-115.653183,2021
51,56.546167,-115.097,2021
52,54.845233,-115.36055,2021
53,54.76805,-116.690083,2021
54,54.054638,-116.813217,2021
55,54.337717,-116.87215,2021
56,54.701932,-116.186615,2021
57,51.400665,-115.063332,2020
58,48.998195,-113.5789,2020
59,51.20905,-114.7227,2020
60,50.962217,-114.94895,2020
61,51.576633,-114.95955,2020
62,49.918483,-114.414233,2020
63,51.11877,-114.9119,2020
64,50.980333,-114.96775,2020
65,53.658867,-115.997633,2020
66,55.773067,-119.301918,2020
67,54.9384,-116.839917,2020
68,54.975783,-117.4714,2020
69,55.7576,-119.526417,2020
70,55.6537,-119.223867,2020
71,55.192,-117.493833,2020
72,58.716415,-118.752197,2020
73,58.356602,-119.016914,2020
74,58.447,-119.227833,2020
75,58.530667,-118.99265,2020
76,54.544666,-110.38195,2020
77,55.614601,-111.138229,2020
78,54.572552,-111.778648,2020
79,55.154711,-113.826787,2020
80,55.9277,-110.717667,2020
81,54.560318,-113.90287,2020
82,55.690283,-111.28425,2020
83,55.253583,-113.10405,2020
84,56.419033,-111.428635,2020
85,58.730934,-111.137718,2020
86,56.525501,-117.65155,2020
87,56.747215,-117.204987,2020
88,55.967117,-116.731636,2020
89,56.421,-117.646083,2020
90,57.730417,-117.23265,2020
91,56.46735,-116.380683,2020
92,56.532,-116.408167,2020
93,57.730317,-117.232517,2020
94,52.840782,-115.505867,2020
95,53.060717,-115.156533,2020
96,52.304417,-116.413033,2020
97,52.42852,-114.914695,2020
98,55.964867,-113.825066,2020
99,55.501355,-116.671543,2020
100,54.276981,-114.926231,2020
101,54.142918,-115.736702,2020
102,51.212,-114.953317,2019
103,51.255033,-114.764717,2019
104,51.090527,-115.097222,2019
105,53.813617,-116.460283,2019
106,54.75835,-117.21265,2019
107,55.888717,-119.665867,2019
108,55.13615,-117.77065,2019
109,58.465383,-114.532333,2019
110,58.226517,-116.500967,2019
111,58.106833,-116.430167,2019
112,58.033617,-116.293883,2019
113,58.425537,-114.589838,2019
114,58.466283,-118.841533,2019
115,58.525533,-115.154,2019
116,58.57685,-118.799417,2019
117,58.370767,-116.041033,2019
118,58.63,-118.345467,2019
119,54.506467,-111.348,2019
120,54.6256,-111.852767,2019
121,55.133767,-112.55685,2019
122,55.9428,-110.7133,2019
123,54.514367,-110.392817,2019
124,54.839398,-111.557851,2019
125,54.54502,-110.304578,2019
126,54.890913,-110.838544,2019
127,54.579395,-111.600208,2019
128,55.552145,-111.195522,2019
129,54.454158,-111.184048,2019
130,55.516383,-111.2018,2019
131,55.195067,-111.069467,2019
132,55.195998,-110.138232,2019
133,56.76105,-111.6534,2019
134,56.787,-111.744867,2019
135,56.664483,-111.457833,2019
136,57.709033,-117.67015,2019
137,57.85195,-118.341233,2019
138,52.691717,-115.345217,2019
139,52.92165,-115.155683,2019
140,52.371982,-115.479067,2019
141,55.600488,-116.61258,2019
142,55.911333,-115.60495,2019
143,55.26675,-116.736035,2019
144,55.405433,-115.983295,2019
145,56.383033,-115.88425,2019
146,55.89355,-113.82345,2019
147,56.525883,-115.349517,2019
148,56.015968,-115.360693,2019
149,56.387753,-115.897555,2019
150,57.135667,-115.074217,2019
151,55.461583,-116.972883,2019
152,55.461517,-116.98135,2019
153,55.4616,-116.9967,2019
154,56.000683,-113.355617,2019
155,54.0356,-115.83225,2019
156,54.3628,-114.235138,2019
157,54.252682,-115.18834,2019
158,54.211733,-115.459583,2019
159,54.603275,-114.549125,2019
160,54.2632,-116.798883,2019
161,54.103583,-115.89085,2019
162,54.489178,-115.940507,2019
163,50.019083,-114.026831,2018
164,50.816133,-114.643883,2018
165,51.43996,-115.08909,2018
166,51.1423,-114.721217,2018
167,51.4738,-115.110733,2018
168,53.399133,-117.3755,2018
169,53.632517,-115.53515,2018
170,53.640583,-115.564433,2018
171,55.486667,-119.53115,2018
172,55.0441,-117.384417,2018
173,55.077967,-117.852417,2018
174,54.724955,-117.141712,2018
175,54.729617,-119.033133,2018
176,58.714115,-118.780761,2018
177,58.53265,-115.156583,2018
178,58.598383,-118.636467,2018
179,58.134443,-117.283888,2018
180,58.762733,-117.3292,2018
181,58.738517,-117.254667,2018
182,57.99555,-116.2943,2018
183,58.514983,-116.359017,2018
184,57.997732,-116.225818,2018
185,58.755667,-117.334633,2018
186,58.642133,-116.707333,2018
187,58.03335,-116.2941,2018
188,58.496033,-116.930733,2018
189,58.858333,-117.462167,2018
190,58.35265,-116.568267,2018
191,59.23365,-119.213333,2018
192,59.7649,-116.994867,2018
193,54.382114,-111.319715,2018
194,55.94085,-110.7185,2018
195,55.926433,-110.719883,2018
196,55.9314,-110.72835,2018
197,55.903133,-110.7529,2018
198,56.810517,-111.48315,2018
199,56.40235,-111.292483,2018
200,56.429817,-111.271817,2018
201,57.969583,-111.011917,2018
202,57.85685,-117.609847,2018
203,56.27875,-118.27195,2018
204,56.451483,-116.110267,2018
205,56.334517,-116.755183,2018
206,56.459367,-116.16265,2018
207,57.363317,-119.7522,2018
208,57.622517,-117.216083,2018
209,52.7665,-114.751133,2018
210,52.925667,-115.149117,2018
211,53.120867,-115.2266,2018
212,53.051717,-115.02895,2018
213,52.557083,-115.169717,2018
214,52.34455,-116.27575,2018
215,52.173267,-116.480767,2018
216,55.363888,-115.728787,2018
217,56.1388,-113.851635,2018
218,55.482167,-114.204267,2018
219,55.916717,-113.95705,2018
220,55.641983,-116.421817,2018
221,55.192052,-114.132855,2018
222,55.326135,-114.55021,2018
223,55.1742,-116.391767,2018
224,54.182617,-115.797733,2018
225,54.140692,-115.554773,2018
226,53.9826,-115.93305,2018
227,54.1516,-117.4357,2018
228,54.31488,-116.894135,2018
229,54.629257,-115.54042,2018
230,51.157533,-115.000317,2017
231,50.966183,-114.954683,2017
232,49.672167,-114.593333,2017
233,51.111667,-115.0015,2017
234,49.43175,-114.547983,2017
235,51.28376,-115.146498,2017
236,51.148817,-115.07465,2017
237,51.15495,-114.848583,2017
238,49.8813,-113.971283,2017
239,55.171617,-118.198617,2017
240,55.08214,-116.90359,2017
241,55.066167,-118.814017,2017
242,55.248033,-118.344,2017
243,55.08455,-117.56095,2017
244,55.09,-117.6875,2017
245,54.52115,-118.484017,2017
246,54.674533,-117.1002,2017
247,58.60095,-118.600067,2017
248,58.71915,-118.749283,2017
249,58.710767,-118.710583,2017
250,58.111517,-116.236767,2017
251,58.711217,-118.7134,2017
252,58.302583,-115.781,2017
253,58.275833,-116.578057,2017
254,58.714117,-118.724417,2017
255,59.239178,-119.204939,2017
256,58.047183,-115.599567,2017
257,58.205667,-115.79805,2017
258,57.975376,-116.896463,2017
259,58.59785,-118.661447,2017
260,58.447389,-114.519947,2017
261,58.745917,-117.273167,2017
262,58.3965,-114.665833,2017
263,58.3993,-114.675167,2017
264,58.396383,-114.665633,2017
265,58.808253,-118.731483,2017
266,58.466683,-119.227,2017
267,58.601917,-117.1498,2017
268,58.748533,-119.015083,2017
269,58.787033,-118.966083,2017
270,58.83475,-117.43975,2017
271,58.485517,-115.5781,2017
272,58.733633,-119.027517,2017
273,58.690667,-119.084833,2017
274,58.311283,-117.160917,2017
275,58.55335,-117.5066,2017
276,58.471133,-117.211667,2017
277,58.422717,-116.9608,2017
278,58.02775,-116.9156,2017
279,58.425267,-116.349633,2017
280,57.91352,-115.22514,2017
281,58.7763,-118.2675,2017
282,55.9588,-110.706383,2017
283,55.917667,-110.740333,2017
284,54.86313,-111.917922,2017
285,54.874021,-111.819324,2017
286,55.12105,-112.02865,2017
287,54.731667,-113.526333,2017
288,56.989033,-111.161233,2017
289,56.835633,-111.73225,2017
290,56.5887,-118.865617,2017
291,57.7618,-117.557867,2017
292,57.761233,-117.5579,2017
293,55.598867,-116.712033,2017
294,56.261133,-117.943717,2017
295,58.002617,-117.990333,2017
296,57.47976,-117.48561,2017
297,52.403167,-116.247533,2017
298,51.708833,-115.395833,2017
299,52.23025,-116.615167,2017
300,52.0789,-116.375083,2017
301,51.931983,-114.931833,2017
302,52.817367,-114.849733,2017
303,56.537033,-115.256517,2017
304,55.37025,-115.775,2017
305,55.6932,-115.096733,2017
306,57.2265,-115.182683,2017
307,54.581633,-114.570183,2017
308,50.833333,-114.688833,2016
309,49.428167,-114.403733,2016
310,49.62695,-114.639633,2016
311,49.904683,-114.469417,2016
312,51.276117,-115.0462,2016
313,53.56345,-116.21855,2016
314,53.555917,-115.917983,2016
315,54.971883,-116.8895,2016
316,55.02495,-117.85115,2016
317,55.876389,-119.457778,2016
318,54.767033,-119.108133,2016
319,55.603633,-119.341583,2016
320,55.277842,-116.939806,2016
321,58.562917,-118.39735,2016
322,58.396516,-116.716724,2016
323,58.31079,-116.00399,2016
324,57.8975,-115.377867,2016
325,58.128083,-116.517005,2016
326,58.869617,-117.4633,2016
327,58.38495,-114.64355,2016
328,58.765471,-117.331422,2016
329,55.902167,-110.745167,2016
330,55.053567,-111.597083,2016
331,54.527367,-111.566217,2016
332,54.51515,-110.864817,2016
333,54.7625,-111.923167,2016
334,55.043667,-111.529167,2016
335,57.5377,-111.3508,2016
336,56.163967,-111.7441,2016
337,56.471017,-117.363983,2016
338,56.295583,-117.919433,2016
339,56.499367,-117.28505,2016
340,57.850383,-117.64615,2016
341,57.864533,-117.641717,2016
342,57.892483,-117.631417,2016
343,56.425833,-117.31555,2016
344,56.454033,-116.12555,2016
345,56.536833,-116.398683,2016
346,52.3205,-115.167967,2016
347,51.74205,-114.897183,2016
348,52.716183,-115.132817,2016
349,52.175717,-116.481117,2016
350,55.111483,-116.074217,2016
351,55.31755,-115.434567,2016
352,55.91675,-115.65755,2016
353,55.332411,-116.593759,2016
354,55.29835,-116.8603,2016
355,55.685967,-116.412867,2016
356,56.527583,-115.355633,2016
357,55.301667,-114.854167,2016
358,55.346629,-115.792676,2016
359,55.838,-114.296,2016
360,55.258217,-116.587717,2016
361,55.281667,-114.793333,2016
362,55.832633,-114.275833,2016
363,55.968617,-113.831667,2016
364,55.280013,-115.380183,2016
365,55.93955,-115.23645,2016
366,56.568133,-115.241633,2016
367,55.33485,-116.596267,2016
368,55.181333,-113.976,2016
369,55.282933,-115.879417,2016
370,55.701983,-115.098783,2016
371,55.703583,-115.09885,2016
372,54.678117,-115.549183,2016
373,54.483083,-114.418467,2016
374,54.40955,-114.70285,2016
375,54.14384,-115.7805,2016
376,54.603,-115.549167,2016
377,51.626867,-115.3001,2015
378,50.184933,-114.3196,2015
379,51.170467,-114.896967,2015
380,53.20848,-116.79112,2015
381,53.028417,-116.681017,2015
382,53.439517,-116.2478,2015
383,53.611683,-115.695783,2015
384,53.708383,-115.502517,2015
385,54.25245,-119.403333,2015
386,55.40975,-118.086483,2015
387,55.870023,-119.304967,2015
388,55.65055,-119.51175,2015
389,55.117838,-117.8054,2015
390,54.671767,-118.270683,2015
391,58.705883,-118.703683,2015
392,58.487583,-116.377367,2015
393,58.5223,-117.083267,2015
394,58.707067,-118.674783,2015
395,58.837443,-118.731727,2015
396,58.511017,-115.5755,2015
397,58.44195,-114.550567,2015
398,58.43715,-116.2454,2015
399,58.762517,-117.323083,2015
400,58.271733,-115.9572,2015
401,58.2502,-117.3433,2015
402,58.762167,-117.331483,2015
403,58.713567,-118.767367,2015
404,54.618113,-111.835245,2015
405,55.157145,-113.897556,2015
406,55.902638,-110.745595,2015
407,54.616817,-111.850517,2015
408,54.915696,-112.539586,2015
409,54.9855,-111.5723,2015
410,55.905633,-110.747883,2015
411,55.932,-110.72435,2015
412,55.940433,-110.718467,2015
413,54.61735,-111.826129,2015
414,55.938954,-110.719491,2015
415,55.931727,-110.725936,2015
416,54.740391,-111.705557,2015
417,55.9174,-110.741333,2015
418,55.676933,-111.0907,2015
419,54.9111,-112.062633,2015
420,55.929417,-110.72235,2015
421,56.011674,-110.569309,2015
422,55.239333,-113.197517,2015
423,55.903683,-110.749917,2015
424,55.902617,-110.7488,2015
425,55.3317,-113.277545,2015
426,54.56005,-111.242933,2015
427,54.674513,-113.984994,2015
428,55.818783,-111.437167,2015
429,55.841467,-110.887817,2015
430,54.560883,-111.226483,2015
431,54.91565,-113.478267,2015
432,54.910433,-113.476483,2015
433,55.763119,-112.067404,2015
434,54.53975,-111.279685,2015
435,54.537467,-111.241333,2015
436,54.5025,-111.794167,2015
437,54.807133,-110.364883,2015
438,55.829167,-111.045833,2015
439,55.828312,-110.984887,2015
440,55.249673,-113.196822,2015
441,56.09,-110.895,2015
442,55.195283,-113.167533,2015
443,54.898867,-113.157417,2015
444,55.008183,-110.19855,2015
445,55.269267,-113.237133,2015
446,56.6585,-111.046167,2015
447,56.367417,-111.283733,2015
448,56.766767,-111.73455,2015
449,56.6602,-111.2338,2015
450,56.75655,-111.681817,2015
451,57.254767,-111.746033,2015
452,56.719133,-111.509617,2015
453,56.684297,-111.384317,2015
454,56.109683,-116.818333,2015
455,56.468883,-116.39135,2015
456,57.962583,-117.581183,2015
457,57.72065,-117.69405,2015
458,56.481133,-116.726933,2015
459,56.524433,-117.990033,2015
460,56.4634,-116.400583,2015
461,56.444617,-117.119517,2015
462,57.73055,-117.416433,2015
463,53.062317,-115.293667,2015
464,52.247667,-114.8857,2015
465,52.386583,-116.28045,2015
466,53.009667,-115.229,2015
467,53.075517,-115.02105,2015
468,55.360117,-115.736667,2015
469,55.916267,-113.950317,2015
470,55.902667,-113.837167,2015
471,55.337117,-115.794883,2015
472,55.914683,-115.65795,2015
473,55.250283,-116.242,2015
474,55.390133,-115.82015,2015
475,55.21585,-115.402917,2015
476,55.374167,-115.4625,2015
477,56.117029,-113.85808,2015
478,56.135067,-113.85265,2015
479,55.3349,-113.7688,2015
480,55.051483,-116.61545,2015
481,55.392442,-115.462767,2015
482,55.394267,-115.4628,2015
483,55.881183,-115.828667,2015
484,55.501117,-116.05785,2015
485,55.3785,-115.4255,2015
486,55.019867,-115.494117,2015
487,55.149583,-114.52,2015
488,55.9217,-114.64675,2015
489,56.914667,-114.712583,2015
490,55.108783,-116.411817,2015
491,55.887683,-115.685567,2015
492,55.336283,-115.78835,2015
493,54.999983,-115.24695,2015
494,55.917023,-113.707167,2015
495,56.103867,-115.628933,2015
496,55.6917,-115.09585,2015
497,55.735523,-115.048575,2015
498,55.993717,-115.9155,2015
499,55.635667,-114.919167,2015
500,55.03555,-115.566733,2015
501,55.9875,-113.873333,2015
502,54.361783,-116.736867,2015
503,54.378367,-117.144783,2015
504,54.686067,-115.408733,2015
505,54.11785,-115.559533,2015
506,54.677017,-115.536217,2015
507,54.473083,-115.6399,2015
508,54.655617,-115.386033,2015
509,51.154,-114.989167,2014
510,51.2709,-115.006517,2014
511,53.657317,-116.643717,2014
512,53.8067,-115.55365,2014
513,53.670867,-116.28635,2014
514,54.425833,-118.483333,2014
515,55.068267,-117.50965,2014
516,54.890209,-117.33734,2014
517,55.045333,-118.68605,2014
518,54.39125,-119.8511,2014
519,58.714333,-118.736167,2014
520,58.7007,-118.93095,2014
521,58.713133,-118.756117,2014
522,58.709367,-118.6933,2014
523,58.761467,-118.725783,2014
524,58.747767,-118.718817,2014
525,58.72455,-118.707383,2014
526,58.441617,-117.220583,2014
527,58.50325,-115.15065,2014
528,58.502017,-115.92535,2014
529,58.357733,-115.833483,2014
530,58.695633,-118.706517,2014
531,58.611767,-117.097283,2014
532,58.419183,-114.542583,2014
533,58.410667,-114.555333,2014
534,58.46255,-114.575867,2014
535,58.204983,-115.6083,2014
536,58.200983,-115.647483,2014
537,57.9036,-116.7216,2014
538,58.1781,-115.694783,2014
539,58.23035,-116.4937,2014
540,59.18235,-118.666783,2014
541,58.563683,-119.166867,2014
542,58.409192,-115.862001,2014
543,55.92372,-110.73431,2014
544,55.917117,-110.737367,2014
545,55.08305,-112.471933,2014
546,55.934983,-110.719383,2014
547,55.366668,-111.363185,2014
548,55.938954,-110.719491,2014
549,54.689817,-111.906133,2014
550,55.1615,-113.026167,2014
551,54.987088,-110.882255,2014
552,55.898417,-110.747,2014
553,54.562248,-111.222673,2014
554,55.91145,-110.741967,2014
555,54.78135,-111.800133,2014
556,55.83516,-112.59001,2014
557,56.47995,-112.8532,2014
558,56.412283,-111.4434,2014
559,56.390367,-111.44535,2014
560,56.44079,-111.180354,2014
561,56.836567,-117.4258,2014
562,55.909183,-116.9768,2014
563,52.971267,-115.571983,2014
564,52.676617,-115.3671,2014
565,56.941,-113.483633,2014
566,55.798,-116.32,2014
567,55.9615,-115.495667,2014
568,55.2965,-114.738167,2014
569,55.861,-113.43295,2014
570,55.688275,-115.097246,2014
571,55.189667,-114.6505,2014
572,55.191167,-114.614667,2014
573,55.89175,-115.649433,2014
574,55.338867,-116.787117,2014
575,55.248422,-115.395342,2014
576,56.685017,-115.67285,2014
577,55.2442,-115.40275,2014
578,55.290581,-116.263542,2014
579,55.243933,-114.084083,2014
580,55.54315,-114.0029,2014
581,55.9005,-115.626983,2014
582,55.251333,-114.895417,2014
583,54.099433,-115.57925,2014
584,54.407367,-114.70575,2014
585,54.0651,-115.36735,2014
586,54.504117,-114.3198,2014
587,54.753633,-114.915383,2014
588,54.424617,-117.016883,2014
589,50.8389,-114.637967,2013
590,51.63255,-115.10349,2013
591,51.152967,-114.856667,2013
592,53.828083,-116.471433,2013
593,53.523317,-115.411883,2013
594,53.599367,-116.510667,2013
595,53.56305,-115.96455,2013
596,53.157567,-115.332417,2013
597,53.57375,-116.574033,2013
598,54.017483,-119.219483,2013
599,55.02475,-116.916567,2013
600,54.831,-118.647917,2013
601,55.098567,-117.846533,2013
602,54.833783,-118.656,2013
603,54.384617,-118.7742,2013
604,54.519967,-117.60045,2013
605,55.054117,-117.5008,2013
606,55.570367,-118.827467,2013
607,55.052265,-119.012569,2013
608,58.428783,-115.828817,2013
609,58.470067,-114.4994,2013
610,58.470117,-114.49625,2013
611,58.400033,-115.954367,2013
612,58.446433,-116.628067,2013
613,58.450183,-114.923633,2013
614,59.053267,-117.729917,2013
615,58.54875,-114.670583,2013
616,55.917117,-110.736367,2013
617,54.50715,-110.303075,2013
618,54.646046,-111.917282,2013
619,55.903767,-110.752133,2013
620,55.924983,-110.734683,2013
621,54.917586,-112.123282,2013
622,55.939383,-110.7168,2013
623,55.917717,-110.733483,2013
624,55.92635,-110.7285,2013
625,55.9216,-110.735567,2013
626,55.915983,-110.740717,2013
627,55.928433,-110.731683,2013
628,55.928467,-110.731033,2013
629,54.566183,-110.62865,2013
630,55.943917,-110.713833,2013
631,55.033917,-112.910283,2013
632,54.46705,-111.19035,2013
633,54.96846,-113.34458,2013
634,55.903583,-110.751117,2013
635,55.185583,-112.512967,2013
636,55.528767,-110.57105,2013
637,55.601717,-112.608933,2013
638,54.634167,-110.098233,2013
639,55.94665,-110.8998,2013
640,55.93105,-110.168517,2013
641,56.475833,-111.206733,2013
642,56.648283,-111.44405,2013
643,56.4278,-111.308317,2013
644,56.38081,-111.288975,2013
645,56.673502,-110.825603,2013
646,56.737567,-111.498,2013
647,56.64045,-111.433633,2013
648,56.686267,-117.548533,2013
649,56.47195,-116.398467,2013
650,52.832342,-114.877394,2013
651,52.32205,-114.91775,2013
652,52.650283,-115.411333,2013
653,52.600083,-115.740633,2013
654,52.441483,-116.13165,2013
655,52.255233,-115.0351,2013
656,53.110867,-115.43015,2013
657,51.92155,-114.733283,2013
658,52.77955,-115.37665,2013
659,52.868817,-116.167967,2013
660,52.528583,-115.278583,2013
661,55.2327,-114.1605,2013
662,55.280333,-116.269167,2013
663,55.911683,-113.703717,2013
664,55.013483,-115.25101,2013
665,56.924217,-114.806667,2013
666,57.124883,-115.048233,2013
667,55.436967,-114.2045,2013
668,55.904967,-113.51385,2013
669,54.10315,-116.6143,2013
670,54.072417,-115.604867,2013
671,54.076933,-115.572883,2013
672,54.132567,-115.801467,2013
673,54.10345,-115.638683,2013
674,54.47095,-114.579733,2013
675,54.1281,-116.173867,2013
676,54.6134,-115.588867,2013
677,54.597267,-115.48265,2013
678,54.598622,-115.485487,2013
679,54.150733,-116.136,2013
680,51.161717,-114.861883,2012
681,51.164567,-114.870117,2012
682,51.451233,-114.678867,2012
683,51.279233,-115.142683,2012
684,51.403583,-115.0659,2012
685,50.881833,-115.3895,2012
686,53.535445,-116.50988,2012
687,53.1937,-115.3182,2012
688,54.78015,-119.65765,2012
689,55.75615,-119.364033,2012
690,55.031517,-118.5657,2012
691,55.044467,-118.52855,2012
692,54.739567,-117.185433,2012
693,54.800217,-119.10555,2012
694,55.23695,-118.2501,2012
695,54.4306,-118.263883,2012
696,54.94055,-118.826867,2012
697,54.823767,-119.417783,2012
698,54.935383,-118.808467,2012
699,58.510961,-115.13692,2012
700,58.464033,-114.485267,2012
701,58.467346,-114.495502,2012
702,58.46243,-114.416407,2012
703,58.467346,-114.551277,2012
704,58.710833,-118.692333,2012
705,58.705683,-118.695267,2012
706,58.70795,-118.697583,2012
707,58.712283,-118.703233,2012
708,58.710933,-118.7272,2012
709,58.467346,-114.48173,2012
710,58.520549,-115.131481,2012
711,58.70745,-118.699633,2012
712,58.4581,-114.557233,2012
713,58.706891,-118.682352,2012
714,58.816333,-118.725667,2012
715,58.480767,-114.519767,2012
716,58.524483,-118.91725,2012
717,58.462206,-114.55487,2012
718,58.573767,-116.769783,2012
719,58.496093,-119.344862,2012
720,57.92135,-116.925533,2012
721,59.120333,-117.66,2012
722,58.807918,-118.726767,2012
723,58.435967,-114.585683,2012
724,58.8103,-118.759583,2012
725,57.680883,-115.3443,2012
726,58.133501,-116.313128,2012
727,58.113544,-116.23369,2012
728,58.148233,-116.317033,2012
729,58.703617,-118.673033,2012
730,58.450671,-119.236755,2012
731,58.390733,-115.9171,2012
732,55.273683,-111.537367,2012
733,56.72705,-111.3809,2012
734,54.619933,-111.727883,2012
735,55.917133,-110.73675,2012
736,55.931817,-110.725767,2012
737,55.931533,-110.7286,2012
738,55.03485,-111.5396,2012
739,55.917462,-110.732993,2012
740,55.915233,-110.736183,2012
741,55.919817,-110.73445,2012
742,55.9169,-110.7384,2012
743,55.906667,-110.742983,2012
744,55.929333,-110.724167,2012
745,54.513033,-110.242433,2012
746,55.929867,-110.724633,2012
747,55.9237,-110.733967,2012
748,54.9925,-111.540833,2012
749,55.431283,-110.774583,2012
750,54.476867,-113.826683,2012
751,56.053071,-110.562572,2012
752,54.927879,-112.817149,2012
753,54.342448,-110.958026,2012
754,55.1186,-114.039,2012
755,55.130883,-112.5732,2012
756,54.652,-111.914667,2012
757,54.8975,-111.8335,2012
758,55.550333,-111.098833,2012
759,55.210583,-113.196717,2012
760,54.8975,-110.438667,2012
761,55.947867,-110.821267,2012
762,54.704833,-110.437,2012
763,54.985833,-110.878833,2012
764,54.833867,-111.395917,2012
765,55.60645,-110.987717,2012
766,55.149,-112.969167,2012
767,54.753102,-111.286848,2012
768,56.94325,-111.506167,2012
769,56.978233,-111.513,2012
770,56.990086,-111.553473,2012
771,56.433833,-111.160217,2012
772,56.964361,-111.578039,2012
773,58.107033,-110.839333,2012
774,56.929807,-111.519253,2012
775,56.55115,-111.323017,2012
776,56.551533,-111.323067,2012
777,56.5508,-111.322383,2012
778,56.550433,-111.323117,2012
779,56.53985,-111.339217,2012
780,56.341267,-112.786783,2012
781,56.285067,-111.59525,2012
782,57.15975,-117.24195,2012
783,56.4825,-117.952617,2012
784,56.6903,-117.398433,2012
785,57.373533,-119.76565,2012
786,57.00145,-117.717267,2012
787,56.61945,-116.9528,2012
788,57.90465,-117.618767,2012
789,57.75505,-118.834733,2012
790,56.8857,-117.383683,2012
791,56.832467,-117.270267,2012
792,56.841817,-117.283883,2012
793,56.438883,-116.096833,2012
794,56.508733,-119.74365,2012
795,57.199033,-118.3329,2012
796,52.522967,-115.967667,2012
797,53.013,-115.544833,2012
798,52.143033,-115.458433,2012
799,52.435317,-115.327033,2012
800,51.883767,-115.369317,2012
801,55.515333,-116.164283,2012
802,56.147,-113.853367,2012
803,55.007567,-115.511467,2012
804,55.317538,-115.446632,2012
805,54.95,-115.491333,2012
806,54.946688,-115.504191,2012
807,55.383333,-114.316667,2012
808,55.94635,-113.912183,2012
809,55.04095,-115.420333,2012
810,57.1006,-115.040583,2012
811,54.861667,-115.532667,2012
812,55.950233,-113.7697,2012
813,55.719883,-115.112667,2012
814,55.6491,-115.019933,2012
815,55.607667,-114.971833,2012
816,55.653,-115.046,2012
817,56.013267,-113.898417,2012
818,55.672417,-113.368583,2012
819,55.678433,-113.373367,2012
820,55.683617,-113.3778,2012
821,55.2577,-114.689667,2012
822,55.9345,-115.0768,2012
823,55.691943,-115.096112,2012
824,55.167267,-114.8047,2012
825,55.253833,-115.708483,2012
826,54.439383,-115.607656,2012
827,54.355167,-116.6959,2012
828,54.042733,-115.766617,2012
829,54.188233,-115.794633,2012
830,54.00785,-115.34355,2012
831,54.2367,-115.255683,2012
832,51.121567,-115.00425,2011
833,51.104967,-115.041033,2011
834,51.098467,-115.048867,2011
835,49.606133,-114.381567,2011
836,50.907833,-115.2,2011
837,51.374467,-115.214717,2011
838,53.879933,-115.765467,2011
839,53.562817,-115.974083,2011
840,53.4679,-117.3338,2011
841,53.461017,-117.343167,2011
842,53.279417,-115.540783,2011
843,53.656883,-115.803183,2011
844,53.470683,-117.7963,2011
845,55.070833,-118.730833,2011
846,54.745033,-117.28875,2011
847,54.897222,-117.198889,2011
848,54.565533,-117.623033,2011
849,54.985467,-119.421817,2011
850,54.961217,-117.185667,2011
851,54.976967,-119.355267,2011
852,54.8992,-119.6797,2011
853,59.00825,-114.77435,2011
854,58.380217,-116.0482,2011
855,58.391533,-114.6747,2011
856,58.39275,-114.671633,2011
857,58.4045,-114.7469,2011
858,58.706183,-118.693333,2011
859,58.7094,-118.682783,2011
860,58.7044,-118.68935,2011
861,58.706445,-118.681717,2011
862,58.710217,-118.6658,2011
863,58.481884,-114.467614,2011
864,58.467346,-114.52339,2011
865,58.691483,-118.666783,2011
866,58.6974,-118.683733,2011
867,58.710633,-118.706483,2011
868,58.70805,-118.700983,2011
869,58.467346,-114.537506,2011
870,58.467346,-114.551277,2011
871,58.467346,-114.537506,2011
872,58.712383,-118.711617,2011
873,58.56495,-116.772867,2011
874,58.467346,-114.495502,2011
875,58.699883,-118.683467,2011
876,58.711893,-118.72913,2011
877,58.713933,-118.769517,2011
878,58.71595,-118.7586,2011
879,58.452807,-114.579165,2011
880,58.81147,-118.717683,2011
881,58.810417,-118.71975,2011
882,58.485333,-114.498083,2011
883,58.464783,-114.43945,2011
884,58.466308,-114.448743,2011
885,58.439167,-114.5182,2011
886,58.469767,-114.540317,2011
887,58.466283,-114.53825,2011
888,58.525499,-115.151036,2011
889,58.189402,-118.196082,2011
890,59.303967,-118.615067,2011
891,58.162133,-116.56865,2011
892,58.295617,-115.968417,2011
893,58.463333,-114.45,2011
894,58.474567,-114.043717,2011
895,55.938567,-110.719217,2011
896,55.9378,-110.719717,2011
897,55.90585,-110.746167,2011
898,55.927767,-110.72335,2011
899,55.938183,-110.719833,2011
900,55.94035,-110.717117,2011
901,55.9387,-110.720467,2011
902,55.92335,-110.733383,2011
903,55.9322,-110.728017,2011
904,55.93705,-110.719883,2011
905,55.928367,-110.731083,2011
906,55.943167,-110.7127,2011
907,55.93415,-110.721383,2011
908,55.951691,-110.703054,2011
909,55.836883,-112.179967,2011
910,55.92992,-110.729159,2011
911,55.92992,-110.729159,2011
912,55.907167,-110.74585,2011
913,55.93534,-110.713045,2011
914,55.91565,-110.74015,2011
915,55.91525,-110.740783,2011
916,55.955183,-110.709733,2011
917,55.917683,-110.738967,2011
918,55.917267,-110.73755,2011
919,55.9587,-110.706733,2011
920,55.933717,-110.721517,2011
921,55.934017,-110.72075,2011
922,55.9263,-110.723183,2011
923,55.917167,-110.737133,2011
924,55.91485,-110.740617,2011
925,55.917883,-110.741217,2011
926,55.925383,-110.732417,2011
927,55.915267,-110.73575,2011
928,55.9235,-110.733233,2011
929,55.9312,-110.723367,2011
930,55.92915,-110.7247,2011
931,55.92925,-110.72445,2011
932,55.929617,-110.724667,2011
933,55.91155,-110.7413,2011
934,55.911517,-110.740983,2011
935,55.914217,-110.739617,2011
936,55.915233,-110.73775,2011
937,55.929217,-110.720833,2011
938,55.9065,-110.745983,2011
939,55.896683,-110.749517,2011
940,55.929833,-110.725183,2011
941,55.925483,-110.7241,2011
942,55.927333,-110.723167,2011
943,55.9034,-110.75135,2011
944,55.928783,-110.7306,2011
945,55.928483,-110.731067,2011
946,55.926033,-110.73,2011
947,55.93475,-110.72145,2011
948,55.94395,-110.712,2011
949,55.9828,-110.66175,2011
950,54.674767,-111.842883,2011
951,55.93295,-110.722817,2011
952,55.9599,-110.70555,2011
953,55.9599,-110.70555,2011
954,55.9342,-110.7219,2011
955,55.90415,-110.745483,2011
956,55.926967,-110.721617,2011
957,55.916567,-110.738633,2011
958,55.907383,-110.74435,2011
959,55.907933,-110.7455,2011
960,55.962017,-110.702583,2011
961,54.82935,-114.078167,2011
962,54.9145,-111.9,2011
963,54.789467,-111.877067,2011
964,55.905033,-110.745517,2011
965,55.9069,-110.763383,2011
966,55.279017,-113.232433,2011
967,55.273083,-111.551933,2011
968,54.618367,-111.836833,2011
969,55.76575,-111.175433,2011
970,55.07295,-113.5757,2011
971,55.067933,-113.761617,2011
972,54.775167,-114.081517,2011
973,56.279417,-110.880167,2011
974,54.630017,-110.374267,2011
975,56.270383,-110.77175,2011
976,54.7573,-113.905183,2011
977,54.704183,-110.3838,2011
978,56.279007,-110.762129,2011
979,54.656691,-111.888625,2011
980,56.59175,-111.2274,2011
981,56.930133,-111.462333,2011
982,56.417033,-111.165667,2011
983,57.376799,-111.57569,2011
984,57.323333,-111.576667,2011
985,56.587083,-110.898967,2011
986,57.135,-111.606667,2011
987,56.4013,-111.013933,2011
988,56.792367,-111.8148,2011
989,56.66,-111.38295,2011
990,56.63,-111.111783,2011
991,56.6849,-111.43205,2011
992,56.636083,-111.149317,2011
993,56.670833,-111.463733,2011
994,56.6062,-111.11475,2011
995,56.433473,-111.048642,2011
996,57.23655,-110.8328,2011
997,56.761783,-111.547783,2011
998,56.160133,-111.241117,2011
999,56.340533,-110.751217,2011
1000,56.570883,-111.11615,2011
1001,57.57465,-112.47595,2011
1002,56.508217,-116.646133,2011
1003,56.440817,-116.105167,2011
1004,55.9887,-116.7596,2011
1005,56.554417,-116.276617,2011
1006,56.904817,-116.12305,2011
1007,56.438233,-116.1226,2011
1008,58.0111,-117.2678,2011
1009,58.0025,-117.990333,2011
1010,56.4574,-116.350917,2011
1011,53.140333,-115.259633,2011
1012,52.622993,-114.969353,2011
1013,52.669333,-115.1,2011
1014,52.619633,-115.017933,2011
1015,53,-115.166667,2011
1016,53.008771,-115.013232,2011
1017,52.631667,-114.879,2011
1018,52.45355,-115.060733,2011
1019,52.459058,-115.118317,2011
1020,53.106688,-115.015515,2011
1021,52.70619,-115.37365,2011
1022,52.563,-115.096883,2011
1023,52.664333,-114.982,2011
1024,53.059329,-115.161783,2011
1025,53.052099,-115.89312,2011
1026,52.592017,-114.934083,2011
1027,53.0795,-115.90485,2011
1028,52.000506,-116.49664,2011
1029,52.69555,-115.944167,2011
1030,52.588617,-115.4747,2011
1031,52.5058,-116.148483,2011
1032,55.329503,-115.796945,2011
1033,55.185217,-116.165283,2011
1034,56.18601,-114.154736,2011
1035,55.1867,-116.232083,2011
1036,55.864317,-113.449867,2011
1037,55.949983,-113.776833,2011
1038,55.948483,-113.812317,2011
1039,55.9479,-113.799767,2011
1040,55.91535,-113.9015,2011
1041,55.912667,-115.64705,2011
1042,55.943933,-113.78525,2011
1043,55.950067,-113.776683,2011
1044,55.905171,-115.62278,2011
1045,55.903333,-115.625267,2011
1046,56.1338,-113.86095,2011
1047,55.959733,-113.914367,2011
1048,56.939185,-114.728833,2011
1049,55.3355,-115.21795,2011
1050,55.355704,-115.795896,2011
1051,56.962299,-113.417057,2011
1052,55.234095,-114.054423,2011
1053,57.101158,-115.040501,2011
1054,55.864767,-113.451483,2011
1055,56.5361,-115.241817,2011
1056,56.53425,-115.24015,2011
1057,55.98275,-113.8977,2011
1058,55.934767,-113.7771,2011
1059,55.911567,-113.59825,2011
1060,55.930425,-115.613424,2011
1061,56.056433,-115.255383,2011
1062,55.937262,-113.775598,2011
1063,55.2836,-115.8837,2011
1064,55.043,-115.408833,2011
1065,55.170785,-116.513386,2011
1066,56.4845,-114.552667,2011
1067,55.94271,-115.113539,2011
1068,55.303167,-114.591167,2011
1069,55.223,-115.349667,2011
1070,55.006833,-115.318,2011
1071,55.144785,-116.247732,2011
1072,55.914931,-113.92404,2011
1073,55.378767,-114.667033,2011
1074,54.9598,-115.201283,2011
1075,56.520984,-115.231264,2011
1076,56.526283,-116.055267,2011
1077,56.585383,-115.4113,2011
1078,56.682483,-114.5918,2011
1079,57.327141,-114.878353,2011
1080,54.863022,-115.402503,2011
1081,55.30475,-114.591867,2011
1082,55.27295,-115.360417,2011
1083,55.953533,-113.920917,2011
1084,54.8206,-115.38405,2011
1085,55.946,-113.753667,2011
1086,55.962333,-113.8265,2011
1087,55.943583,-113.77445,2011
1088,55.3818,-114.721217,2011
1089,55.24366,-114.71321,2011
1090,56.448183,-115.989583,2011
1091,56.698974,-115.998151,2011
1092,54.932,-115.2817,2011
1093,55.609117,-114.976233,2011
1094,56.02035,-115.591917,2011
1095,54.315756,-115.68163,2011
1096,54.253867,-115.25925,2011
1097,54.3346,-115.196533,2011
1098,54.239167,-115.663333,2011
1099,54.085167,-115.759167,2011
1100,54.021617,-116.674667,2011
1101,54.2715,-115.666817,2011
1102,54.586167,-115.839167,2011
1103,54.037167,-116.696333,2011
1104,54.58575,-116.773,2011
1105,54.3755,-116.926333,2011
1106,54.339167,-116.939833,2011
1107,54.410733,-116.620583,2011
1108,54.371167,-116.882167,2011
1109,54.203,-116.797333,2011
1110,54.418,-116.8845,2011
1111,54.395667,-116.916167,2011
1112,54.073875,-116.759372,2011
1113,54.583517,-114.561233,2011
1114,54.759333,-115.331167,2011
1115,54.6235,-115.460667,2011
1116,54.44715,-115.558017,2011
1117,54.101217,-115.678883,2011
1118,54.476667,-114.821667,2011
1119,54.042667,-116.679867,2011
1120,54.043867,-115.719883,2011
1121,51.190483,-114.636433,2010
1122,51.18635,-114.685117,2010
1123,53.675983,-117.136633,2010
1124,53.671617,-115.245417,2010
1125,53.548867,-115.443233,2010
1126,53.36776,-117.57275,2010
1127,53.448817,-117.470917,2010
1128,53.540083,-116.983317,2010
1129,53.6614,-116.43605,2010
1130,53.54615,-115.368667,2010
1131,53.377333,-117.650167,2010
1132,53.852783,-116.443467,2010
1133,53.749067,-115.437533,2010
1134,53.918433,-116.724883,2010
1135,53.3036,-115.617767,2010
1136,53.83,-117.57555,2010
1137,53.7237,-116.9785,2010
1138,54.0207,-119.216133,2010
1139,54.020783,-119.2167,2010
1140,55.066576,-117.385045,2010
1141,54.999354,-117.451582,2010
1142,54.3205,-119.11545,2010
1143,55.260683,-116.928917,2010
1144,55.058167,-117.509,2010
1145,55.028683,-117.8528,2010
1146,55.443517,-119.759,2010
1147,55.004067,-117.335267,2010
1148,55.23825,-118.25445,2010
1149,55.23425,-118.2601,2010
1150,55.568717,-118.699217,2010
1151,55.358083,-117.149017,2010
1152,54.815367,-119.935083,2010
1153,55.755829,-119.350993,2010
1154,55.514333,-119.134883,2010
1155,55.232237,-118.261986,2010
1156,55.026944,-118.543056,2010
1157,55.269722,-118.206944,2010
1158,56.270517,-119.12645,2010
1159,55.488267,-118.3633,2010
1160,55.56045,-118.695833,2010
1161,55.216045,-117.965601,2010
1162,58.458333,-114.541667,2010
1163,58.710833,-118.716667,2010
1164,58.709062,-118.70359,2010
1165,58.706891,-118.682352,2010
1166,58.5413,-114.5924,2010
1167,58.54145,-114.609383,2010
1168,58.71135,-118.68605,2010
1169,58.516333,-115.1564,2010
1170,58.70725,-118.6987,2010
1171,58.706891,-118.696261,2010
1172,58.455633,-114.544267,2010
1173,59.039868,-117.724119,2010
1174,58.467346,-114.48173,2010
1175,58.708697,-118.707041,2010
1176,58.713033,-118.754333,2010
1177,58.460122,-114.551277,2010
1178,58.699833,-118.68825,2010
1179,58.7095,-118.680667,2010
1180,58.706891,-118.668094,2010
1181,58.39867,-114.69163,2010
1182,58.3985,-114.6795,2010
1183,58.467346,-114.537506,2010
1184,58.464567,-114.574,2010
1185,58.4689,-114.57275,2010
1186,58.47466,-114.495502,2010
1187,58.4672,-114.536033,2010
1188,58.457783,-114.529133,2010
1189,58.467346,-114.537506,2010
1190,58.399917,-114.693833,2010
1191,58.467167,-114.5275,2010
1192,58.708697,-118.664617,2010
1193,58.498229,-115.119705,2010
1194,58.2324,-114.3836,2010
1195,58.812867,-118.711917,2010
1196,58.802733,-118.7159,2010
1197,58.45918,-114.5292,2010
1198,58.490267,-115.147383,2010
1199,58.4909,-115.153933,2010
1200,58.707683,-118.6921,2010
1201,58.50088,-115.11983,2010
1202,58.51965,-115.139267,2010
1203,58.46985,-114.51495,2010
1204,58.463083,-114.567283,2010
1205,58.714115,-118.696261,2010
1206,58.714115,-118.696261,2010
1207,58.719067,-118.70515,2010
1208,58.709,-118.688,2010
1209,58.314833,-116.238933,2010
1210,58.462117,-114.5105,2010
1211,58.38995,-116.013983,2010
1212,58.523217,-116.7074,2010
1213,58.706891,-118.682352,2010
1214,55.926737,-110.731852,2010
1215,55.93165,-110.724917,2010
1216,55.942367,-110.716117,2010
1217,55.935183,-110.7205,2010
1218,55.271033,-113.232867,2010
1219,55.932683,-110.723117,2010
1220,55.941533,-110.719317,2010
1221,55.939725,-110.718812,2010
1222,55.91235,-110.744117,2010
1223,55.1403,-114.037117,2010
1224,55.911283,-110.73935,2010
1225,55.9201,-110.737933,2010
1226,55.929717,-110.725067,2010
1227,55.926617,-110.724717,2010
1228,55.9344,-110.725183,2010
1229,54.665983,-113.55465,2010
1230,54.478583,-111.5027,2010
1231,54.619056,-111.846844,2010
1232,55.9599,-110.7077,2010
1233,55.928113,-110.719491,2010
1234,55.92075,-110.737233,2010
1235,55.91685,-110.736617,2010
1236,55.904517,-110.7444,2010
1237,55.840367,-110.886183,2010
1238,54.900033,-114.17755,2010
1239,54.896933,-114.201617,2010
1240,54.858884,-112.290719,2010
1241,54.675717,-110.561917,2010
1242,55.2006,-113.198917,2010
1243,56.42685,-111.05435,2010
1244,56.451517,-116.1266,2010
1245,56.477417,-116.414167,2010
1246,56.9731,-117.749583,2010
1247,56.065,-116.78575,2010
1248,56.47795,-116.414383,2010
1249,56.466033,-116.40005,2010
1250,56.436683,-117.344517,2010
1251,56.468106,-116.405024,2010
1252,55.81475,-116.52235,2010
1253,52.815333,-114.814183,2010
1254,52.641252,-115.12514,2010
1255,52.446567,-115.792367,2010
1256,52.029917,-115.143967,2010
1257,52.676133,-115.3527,2010
1258,52.502083,-116.10535,2010
1259,52.197167,-114.7845,2010
1260,52.42805,-115.191417,2010
1261,52.482067,-114.93695,2010
1262,52.100633,-116.425667,2010
1263,52.397401,-115.910077,2010
1264,55.15235,-116.122337,2010
1265,55.917883,-115.64955,2010
1266,55.958967,-113.8351,2010
1267,55.355983,-115.660717,2010
1268,55.39628,-116.076326,2010
1269,55.396702,-116.080879,2010
1270,55.609721,-116.251082,2010
1271,55.39895,-116.1059,2010
1272,55.402,-116.303283,2010
1273,55.94875,-113.814183,2010
1274,55.732267,-116.425083,2010
1275,55.951667,-113.9175,2010
1276,55.361933,-116.732017,2010
1277,55.345003,-115.779078,2010
1278,55.290833,-115.294667,2010
1279,55.359833,-115.7915,2010
1280,55.3223,-116.518133,2010
1281,55.639333,-116.096,2010
1282,56.020588,-113.874911,2010
1283,55.36205,-115.738917,2010
1284,55.98115,-113.89205,2010
1285,56.011516,-113.897398,2010
1286,55.286199,-116.8662,2010
1287,55.28485,-116.848,2010
1288,55.402,-116.3035,2010
1289,55.909283,-115.640767,2010
1290,55.909167,-115.634567,2010
1291,55.342983,-115.792033,2010
1292,55.185,-116.184167,2010
1293,55.325836,-115.798925,2010
1294,55.9108,-115.63425,2010
1295,55.913833,-115.650667,2010
1296,55.912883,-115.64855,2010
1297,55.802833,-116.355833,2010
1298,55.5556,-116.141783,2010
1299,55.18725,-116.171067,2010
1300,55.908112,-115.638853,2010
1301,55.910633,-113.8672,2010
1302,55.276,-116.811133,2010
1303,55.804017,-116.359883,2010
1304,55.938183,-115.32885,2010
1305,55.93395,-115.36255,2010
1306,55.401733,-116.42725,2010
1307,56.537517,-116.0553,2010
1308,55.399,-114.731,2010
1309,56.136833,-113.859,2010
1310,55.90405,-115.646867,2010
1311,55.978817,-113.870783,2010
1312,55.636133,-116.402533,2010
1313,55.251883,-116.219917,2010
1314,56.683867,-114.610783,2010
1315,55.32145,-115.270683,2010
1316,55.2941,-114.862267,2010
1317,55.20475,-116.20655,2010
1318,56.246717,-113.770667,2010
1319,56.832167,-115.4545,2010
1320,55.890183,-115.827467,2010
1321,55.9347,-115.376317,2010
1322,55.400983,-116.124083,2010
1323,56.435483,-115.306,2010
1324,56.282194,-115.700749,2010
1325,55.343163,-116.59221,2010
1326,55.410533,-116.010983,2010
1327,55.641917,-115.967867,2010
1328,55.631317,-115.967567,2010
1329,55.1157,-115.302467,2010
1330,54.238517,-116.787167,2010
1331,54.1884,-115.785217,2010
1332,54.153383,-115.681683,2010
1333,54.379167,-116.9895,2010
1334,54.748433,-116.720067,2010
1335,54.198267,-115.259733,2010
1336,53.972667,-115.831833,2010
1337,51.203817,-114.942567,2009
1338,51.203217,-114.941417,2009
1339,49.066883,-113.6077,2009
1340,49.911183,-114.505683,2009
1341,50.262917,-114.318333,2009
1342,51.047367,-115.157333,2009
1343,51.632933,-115.159717,2009
1344,51.138183,-114.877217,2009
1345,50.284733,-114.546917,2009
1346,51.159,-114.8553,2009
1347,51.105583,-115.03935,2009
1348,51.096717,-115.108,2009
1349,51.006083,-115.287717,2009
1350,51.14665,-114.872917,2009
1351,51.31345,-114.965417,2009
1352,51.039683,-115.026567,2009
1353,51.032567,-115.039083,2009
1354,51.039717,-115.026583,2009
1355,51.087567,-115.02225,2009
1356,51.149317,-114.9086,2009
1357,53.462633,-117.533333,2009
1358,53.208545,-116.806876,2009
1359,53.390483,-117.571617,2009
1360,53.479,-116.116667,2009
1361,53.36815,-117.708383,2009
1362,53.39145,-117.569883,2009
1363,53.617833,-115.811667,2009
1364,53.40873,-117.78275,2009
1365,53.749933,-116.617283,2009
1366,53.921667,-118.936167,2009
1367,53.551112,-116.543612,2009
1368,53.49445,-116.49805,2009
1369,53.443617,-115.580233,2009
1370,55.06025,-118.7105,2009
1371,55.081122,-117.791798,2009
1372,55.81286,-119.81071,2009
1373,54.7936,-117.129367,2009
1374,55.078683,-117.618717,2009
1375,55.644443,-119.2125,2009
1376,54.826317,-119.71525,2009
1377,55.035567,-118.59465,2009
1378,55.06565,-118.703767,2009
1379,55.897917,-119.039083,2009
1380,55.11975,-118.194767,2009
1381,55.0436,-118.6018,2009
1382,58.705917,-118.6914,2009
1383,58.697771,-118.685829,2009
1384,58.712309,-118.713996,2009
1385,58.708697,-118.685829,2009
1386,58.548083,-115.160733,2009
1387,58.702983,-118.66815,2009
1388,58.6987,-118.686617,2009
1389,58.704483,-118.690117,2009
1390,58.70435,-118.687533,2009
1391,58.7054,-118.685867,2009
1392,58.711083,-118.704033,2009
1393,58.71455,-118.75685,2009
1394,58.467346,-114.52339,2009
1395,58.7071,-118.6924,2009
1396,58.706783,-118.6872,2009
1397,58.7085,-118.689133,2009
1398,58.7191,-118.74965,2009
1399,58.6966,-118.67995,2009
1400,58.712117,-118.68095,2009
1401,58.693167,-118.6718,2009
1402,58.460122,-114.52339,2009
1403,58.7067,-118.687883,2009
1404,58.467346,-114.52339,2009
1405,58.720683,-118.696617,2009
1406,58.46855,-114.52685,2009
1407,58.720683,-118.696617,2009
1408,58.720683,-118.696617,2009
1409,58.71105,-118.692033,2009
1410,58.720683,-118.696617,2009
1411,58.720683,-118.696617,2009
1412,58.70545,-118.68535,2009
1413,58.697433,-118.68555,2009
1414,58.46815,-114.5227,2009
1415,58.467346,-114.565393,2009
1416,58.4622,-114.566917,2009
1417,58.465967,-114.549717,2009
1418,58.708833,-118.6926,2009
1419,58.717633,-118.717067,2009
1420,58.714115,-118.710518,2009
1421,58.71925,-118.692167,2009
1422,58.697733,-118.68605,2009
1423,58.33235,-115.444983,2009
1424,58.69705,-118.685383,2009
1425,58.45,-114.54,2009
1426,58.46185,-114.5438,2009
1427,58.4557,-114.542683,2009
1428,58.723067,-118.744483,2009
1429,58.491167,-115.15525,2009
1430,58.454833,-114.5448,2009
1431,58.496423,-115.151036,2009
1432,58.465,-114.54245,2009
1433,58.460122,-114.537506,2009
1434,58.712367,-118.678467,2009
1435,58.709217,-118.691267,2009
1436,58.543267,-117.897383,2009
1437,58.33895,-119.515167,2009
1438,58.285717,-116.420288,2009
1439,58.71145,-118.6816,2009
1440,58.467346,-114.565393,2009
1441,58.713567,-118.688183,2009
1442,55.93025,-110.7269,2009
1443,55.928517,-110.7311,2009
1444,55.929783,-110.723333,2009
1445,55.934567,-110.72585,2009
1446,55.915633,-110.737967,2009
1447,55.916233,-110.73915,2009
1448,55.92415,-110.731883,2009
1449,55.920767,-110.734,2009
1450,55.927383,-110.730317,2009
1451,55.924409,-110.732382,2009
1452,55.914467,-110.74355,2009
1453,55.912417,-110.744317,2009
1454,55.934483,-110.7227,2009
1455,55.929733,-110.7266,2009
1456,55.926917,-110.732,2009
1457,55.89795,-110.746517,2009
1458,55.89645,-110.744767,2009
1459,55.930483,-110.72655,2009
1460,55.930717,-110.72485,2009
1461,55.91395,-110.74025,2009
1462,55.920796,-110.732382,2009
1463,55.9435,-110.7139,2009
1464,55.92905,-110.723333,2009
1465,55.9394,-110.717083,2009
1466,55.190167,-113.189333,2009
1467,55.917917,-110.736717,2009
1468,55.896617,-110.750183,2009
1469,56.02655,-110.609733,2009
1470,55.917483,-110.457683,2009
1471,55.916617,-110.7321,2009
1472,55.91875,-110.730833,2009
1473,55.916617,-110.7321,2009
1474,55.921133,-110.728817,2009
1475,55.9284,-110.615567,2009
1476,55.93235,-110.646867,2009
1477,55.931583,-110.6539,2009
1478,55.931117,-110.6563,2009
1479,55.910617,-110.742683,2009
1480,55.909865,-110.73915,2009
1481,54.563417,-110.9322,2009
1482,54.4306,-110.98945,2009
1483,55.900317,-110.751567,2009
1484,55.9015,-110.750483,2009
1485,54.559833,-111.5665,2009
1486,54.53529,-110.65106,2009
1487,54.89175,-111.384667,2009
1488,54.509409,-110.631551,2009
1489,54.53221,-110.64306,2009
1490,54.53972,-110.64682,2009
1491,55.899025,-110.752041,2009
1492,54.5171,-110.414617,2009
1493,55.93635,-112.039967,2009
1494,55.713133,-112.183433,2009
1495,55.722733,-112.191533,2009
1496,55.756033,-112.200033,2009
1497,55.434617,-112.413417,2009
1498,54.988267,-110.579083,2009
1499,54.675833,-113.678167,2009
1500,54.624955,-113.78145,2009
1501,54.530983,-111.23665,2009
1502,55.061533,-111.839883,2009
1503,55.064267,-111.340383,2009
1504,56.2736,-110.796567,2009
1505,55.946271,-112.011504,2009
1506,55.648367,-112.12835,2009
1507,56.193283,-110.91155,2009
1508,55.862467,-111.007117,2009
1509,55.105616,-112.600912,2009
1510,55.909,-110.744183,2009
1511,59.657667,-111.419833,2009
1512,56.961983,-111.904167,2009
1513,56.392533,-111.190867,2009
1514,56.63095,-111.558317,2009
1515,56.962217,-111.82925,2009
1516,56.438733,-111.18615,2009
1517,57.11339,-111.906675,2009
1518,56.803317,-111.072783,2009
1519,56.475332,-116.365348,2009
1520,56.439117,-116.108667,2009
1521,56.46965,-116.371,2009
1522,56.795483,-117.259317,2009
1523,57.582467,-117.5182,2009
1524,56.203333,-118.542517,2009
1525,56.31015,-117.3509,2009
1526,55.812583,-116.7089,2009
1527,56.364,-117.805417,2009
1528,56.436933,-116.35185,2009
1529,52.396,-116.245,2009
1530,52.422961,-115.12514,2009
1531,52.381041,-116.272887,2009
1532,52.234,-115.414,2009
1533,52.525,-114.891,2009
1534,53.025,-115.215,2009
1535,52.078,-115.036,2009
1536,52.4585,-115.651167,2009
1537,52.865567,-114.8725,2009
1538,52.46,-115.643,2009
1539,52.287872,-116.371755,2009
1540,53.155167,-115.9127,2009
1541,52.3792,-115.109367,2009
1542,52.253667,-114.913133,2009
1543,52.121,-114.991,2009
1544,53.035733,-114.97325,2009
1545,53.026533,-114.963967,2009
1546,52.05,-115.107,2009
1547,53.063667,-115.688333,2009
1548,52.462913,-115.095227,2009
1549,52.739567,-115.124167,2009
1550,52.9641,-115.580633,2009
1551,51.741833,-115.5742,2009
1552,52.134167,-115.467817,2009
1553,52.735902,-115.315657,2009
1554,52.612146,-114.74752,2009
1555,52.120553,-115.163906,2009
1556,51.7185,-114.938433,2009
1557,52.299417,-115.394267,2009
1558,53.01665,-115.1706,2009
1559,52.685016,-115.34581,2009
1560,52.331939,-115.599016,2009
1561,52.398567,-116.241717,2009
1562,53.060683,-115.181033,2009
1563,51.86832,-115.055937,2009
1564,52.48215,-116.4084,2009
1565,52.051417,-116.428617,2009
1566,52.33265,-115.714683,2009
1567,53.168267,-115.207783,2009
1568,52.659417,-115.071233,2009
1569,52.557033,-115.094783,2009
1570,52.200552,-115.354319,2009
1571,52.161817,-115.0264,2009
1572,52.765021,-116.360781,2009
1573,52.036933,-116.4435,2009
1574,52.355267,-116.471683,2009
1575,55.905933,-113.57885,2009
1576,55.288667,-115.320217,2009
1577,55.908112,-115.638853,2009
1578,55.9404,-113.756417,2009
1579,55.916783,-115.651683,2009
1580,55.9165,-115.654667,2009
1581,55.406333,-116.124667,2009
1582,55.948233,-115.605533,2009
1583,55.295383,-114.74455,2009
1584,55.664583,-116.114417,2009
1585,55.2495,-116.872167,2009
1586,55.277833,-116.263167,2009
1587,55.406947,-116.019757,2009
1588,55.896683,-115.671567,2009
1589,55.195667,-116.1754,2009
1590,55.941817,-113.784933,2009
1591,55.352067,-116.380167,2009
1592,55.9175,-115.640733,2009
1593,55.230567,-114.1516,2009
1594,55.968333,-115.443333,2009
1595,55.373417,-114.045933,2009
1596,55.9351,-115.614917,2009
1597,55.9183,-113.960183,2009
1598,55.915417,-115.66495,2009
1599,55.92035,-115.651167,2009
1600,55.397494,-115.792676,2009
1601,55.414333,-115.76925,2009
1602,55.529633,-116.1594,2009
1603,55.982983,-113.885033,2009
1604,56.41695,-114.053483,2009
1605,55.584317,-116.641733,2009
1606,55.785767,-116.428183,2009
1607,56.421867,-115.905367,2009
1608,55.355992,-116.237897,2009
1609,56.678017,-114.72795,2009
1610,55.23635,-114.549267,2009
1611,55.319767,-114.760117,2009
1612,55.38235,-115.4863,2009
1613,55.893083,-115.814267,2009
1614,56.126817,-113.849433,2009
1615,54.8795,-115.2845,2009
1616,55.5425,-116.132,2009
1617,55.343667,-114.721017,2009
1618,55.3734,-114.74415,2009
1619,55.9514,-113.9244,2009
1620,55.951633,-113.9135,2009
1621,55.690733,-115.097833,2009
1622,56.677817,-114.727517,2009
1623,55.316633,-116.160217,2009
1624,54.8375,-115.446667,2009
1625,54.828083,-115.422,2009
1626,55.22475,-114.651933,2009
1627,54.932783,-115.210783,2009
1628,55.955733,-115.974017,2009
1629,55.248383,-116.2154,2009
1630,55.812,-113.42025,2009
1631,55.766117,-114.465783,2009
1632,54.96485,-115.954733,2009
1633,54.998483,-115.914467,2009
1634,55.037667,-115.662067,2009
1635,55.52295,-116.169033,2009
1636,54.675867,-114.851433,2009
1637,54.534247,-114.356895,2009
1638,54.684884,-115.560359,2009
1639,54.450783,-114.7659,2009
1640,54.444267,-114.560033,2009
1641,54.448,-114.559883,2009
1642,54.56625,-115.517483,2009
1643,54.034575,-115.518045,2009
1644,54.248436,-115.884644,2009
1645,51.63575,-115.110383,2008
1646,50.84075,-114.66575,2008
1647,51.101883,-115.033867,2008
1648,51.189,-114.893833,2008
1649,51.18495,-114.845333,2008
1650,51.165417,-114.983167,2008
1651,51.181,-114.698167,2008
1652,49.8844,-114.0065,2008
1653,49.883888,-113.978883,2008
1654,51.106733,-114.890433,2008
1655,49.8966,-114.587433,2008
1656,49.91845,-114.473867,2008
1657,53.3705,-117.737,2008
1658,53.572,-116.208333,2008
1659,53.564467,-115.31925,2008
1660,53.390683,-117.563583,2008
1661,53.818717,-119.127017,2008
1662,53.617,-115.74605,2008
1663,53.37665,-116.062,2008
1664,53.139133,-115.427417,2008
1665,53.216067,-115.2349,2008
1666,53.468667,-117.4933,2008
1667,53.762825,-115.357569,2008
1668,53.743883,-116.132367,2008
1669,53.306917,-117.731367,2008
1670,54.478317,-119.5693,2008
1671,54.85555,-118.7319,2008
1672,55.028783,-117.490233,2008
1673,55.090833,-118.190167,2008
1674,55.6759,-119.222767,2008
1675,54.637811,-118.682711,2008
1676,54.489617,-118.333033,2008
1677,54.699867,-118.33315,2008
1678,55.108567,-117.907,2008
1679,55.577417,-119.5679,2008
1680,55.081358,-118.752069,2008
1681,55.07235,-118.967483,2008
1682,54.8759,-118.666383,2008
1683,54.405783,-117.80365,2008
1684,54.991567,-118.611767,2008
1685,55.181442,-117.866188,2008
1686,54.976383,-117.716767,2008
1687,54.859544,-118.777492,2008
1688,54.732167,-117.47245,2008
1689,55.167567,-117.82175,2008
1690,55.059583,-118.650381,2008
1691,58.514817,-117.18255,2008
1692,58.7146,-118.7335,2008
1693,58.7192,-118.7463,2008
1694,58.712917,-118.751967,2008
1695,58.717933,-118.746833,2008
1696,58.702967,-118.683117,2008
1697,58.706217,-118.68555,2008
1698,58.697917,-118.683567,2008
1699,58.71765,-118.746317,2008
1700,58.712617,-118.72785,2008
1701,58.71065,-118.6833,2008
1702,58.714333,-118.75465,2008
1703,58.708533,-118.707833,2008
1704,58.710583,-118.680467,2008
1705,58.463983,-114.547483,2008
1706,58.69855,-118.6856,2008
1707,58.705467,-118.6963,2008
1708,58.70295,-118.6828,2008
1709,58.713,-118.768483,2008
1710,58.698683,-118.685083,2008
1711,58.6987,-118.685017,2008
1712,58.4638,-114.565733,2008
1713,58.51385,-115.155667,2008
1714,58.53555,-117.121817,2008
1715,58.698767,-118.68495,2008
1716,58.7166,-118.744167,2008
1717,58.712167,-118.73085,2008
1718,58.460517,-114.453117,2008
1719,58.4686,-114.538167,2008
1720,58.696167,-118.680667,2008
1721,58.719883,-118.744183,2008
1722,58.22155,-116.366383,2008
1723,59.03705,-118.9217,2008
1724,58.469083,-114.53695,2008
1725,58.7168,-118.755983,2008
1726,58.457917,-114.528967,2008
1727,58.600017,-118.218383,2008
1728,58.6967,-118.68755,2008
1729,58.71035,-118.704933,2008
1730,58.478633,-114.521667,2008
1731,58.468583,-114.534767,2008
1732,58.734983,-118.7072,2008
1733,58.710333,-118.69135,2008
1734,58.4632,-114.546867,2008
1735,58.455667,-114.5445,2008
1736,58.395217,-114.62305,2008
1737,59.395482,-119.281937,2008
1738,58.689233,-117.095033,2008
1739,59.1354,-117.83075,2008
1740,58.709417,-118.6863,2008
1741,58.62085,-118.927683,2008
1742,58.718767,-118.70545,2008
1743,58.510961,-115.151036,2008
1744,54.70977,-111.848902,2008
1745,55.96678,-110.833977,2008
1746,54.807312,-114.189146,2008
1747,55.934132,-110.718863,2008
1748,55.920796,-110.732382,2008
1749,55.917182,-110.732382,2008
1750,55.958617,-110.7068,2008
1751,55.910117,-110.739133,2008
1752,55.9475,-110.718612,2008
1753,54.9079,-113.5141,2008
1754,55.179795,-112.068414,2008
1755,56.196667,-110.924333,2008
1756,55.932033,-110.6454,2008
1757,55.062,-111.544167,2008
1758,55.933402,-110.737228,2008
1759,55.528717,-110.577,2008
1760,54.706517,-111.852817,2008
1761,54.68995,-111.61475,2008
1762,54.544933,-111.476267,2008
1763,56.637517,-111.157,2008
1764,57.749333,-111.699833,2008
1765,58.9525,-110.584667,2008
1766,58.7215,-111.148917,2008
1767,56.589067,-111.320567,2008
1768,57.099152,-117.210496,2008
1769,56.467833,-116.40535,2008
1770,56.467067,-116.373333,2008
1771,55.731767,-116.82085,2008
1772,56.316033,-117.346583,2008
1773,56.475332,-117.682465,2008
1774,56.431983,-117.8643,2008
1775,52.691833,-115.360133,2008
1776,52.701917,-115.292217,2008
1777,52.162405,-115.065761,2008
1778,52.538167,-115.636833,2008
1779,53.041163,-115.612925,2008
1780,52.52483,-115.599016,2008
1781,52.825933,-114.5673,2008
1782,52.444745,-115.29307,2008
1783,52.495655,-115.96398,2008
1784,52.45115,-115.30595,2008
1785,52.933583,-115.491783,2008
1786,53.015667,-115.436833,2008
1787,52.075267,-115.948333,2008
1788,52.936028,-115.931474,2008
1789,53.106688,-115.393523,2008
1790,53.063035,-115.100988,2008
1791,53.077586,-115.204519,2008
1792,53.041163,-115.08263,2008
1793,55.963617,-113.805917,2008
1794,55.939033,-113.777883,2008
1795,55.192783,-116.176667,2008
1796,56.9114,-114.92365,2008
1797,55.524767,-116.163833,2008
1798,55.90745,-115.63295,2008
1799,55.359288,-115.716575,2008
1800,55.164767,-114.778483,2008
1801,55.800017,-115.597017,2008
1802,55.900167,-113.883333,2008
1803,55.483783,-116.6544,2008
1804,55.435433,-116.855067,2008
1805,55.168033,-115.336267,2008
1806,56.678922,-115.708993,2008
1807,55.919467,-115.661967,2008
1808,55.464667,-114.79635,2008
1809,55.239167,-114.761833,2008
1810,55.869133,-115.806817,2008
1811,55.913717,-113.923583,2008
1812,55.924583,-113.956283,2008
1813,55.906094,-113.82553,2008
1814,55.2355,-114.3325,2008
1815,55.042317,-115.483417,2008
1816,55.98135,-113.887567,2008
1817,55.871983,-113.44795,2008
1818,56.522333,-115.142933,2008
1819,55.316433,-116.258167,2008
1820,56.460789,-114.60005,2008
1821,55.997467,-113.423433,2008
1822,56.460789,-114.60005,2008
1823,55.814617,-113.420333,2008
1824,56.740583,-114.818333,2008
1825,56.686238,-114.578947,2008
1826,54.7189,-114.6946,2008
1827,54.444895,-114.980661,2008
1828,54.357594,-115.440976,2008
1829,54.494667,-116.986,2008
1830,54.4674,-114.79085,2008
1831,54.18625,-115.1752,2008
1832,54.60375,-115.205517,2008
1833,51.06955,-114.988767,2007
1834,51.156267,-114.8904,2007
1835,49.623967,-114.654917,2007
1836,51.052033,-115.3003,2007
1837,51.063517,-115.292883,2007
1838,51.1931,-114.928367,2007
1839,50.441833,-114.426267,2007
1840,49.296067,-114.401,2007
1841,49.82745,-114.529533,2007
1842,49.886467,-114.6014,2007
1843,49.91775,-114.599967,2007
1844,51.174417,-114.81895,2007
1845,53.6072,-116.202183,2007
1846,53.379009,-117.652597,2007
1847,53.27145,-115.788017,2007
1848,53.096517,-116.478583,2007
1849,52.884183,-117.030583,2007
1850,53.40885,-117.774083,2007
1851,55.063733,-117.432583,2007
1852,55.0936,-117.585617,2007
1853,55.03049,-118.726647,2007
1854,55.215884,-118.239507,2007
1855,58.189852,-117.241827,2007
1856,58.711633,-118.705167,2007
1857,58.709533,-118.7086,2007
1858,58.710533,-118.724767,2007
1859,58.715933,-118.73505,2007
1860,58.715633,-118.743567,2007
1861,58.71025,-118.72345,2007
1862,58.710483,-118.7204,2007
1863,58.713217,-118.732567,2007
1864,58.70765,-118.683233,2007
1865,58.704633,-118.67465,2007
1866,58.47675,-115.176617,2007
1867,58.710467,-118.67095,2007
1868,58.7095,-118.679867,2007
1869,58.705467,-118.696183,2007
1870,58.710583,-118.697267,2007
1871,58.705733,-118.69185,2007
1872,58.70855,-118.69545,2007
1873,58.701883,-118.688417,2007
1874,58.745393,-114.053237,2007
1875,58.705917,-118.6959,2007
1876,58.712833,-118.736033,2007
1877,58.7015,-118.687567,2007
1878,58.705117,-118.696333,2007
1879,58.701383,-118.685829,2007
1880,58.442833,-114.254517,2007
1881,58.71885,-118.747417,2007
1882,58.71755,-118.748917,2007
1883,58.713433,-118.667917,2007
1884,58.710383,-118.692517,2007
1885,58.714983,-118.742867,2007
1886,58.716367,-118.74605,2007
1887,58.718967,-118.748417,2007
1888,58.717867,-118.748433,2007
1889,58.71755,-118.7464,2007
1890,58.700017,-118.688133,2007
1891,58.697733,-118.68625,2007
1892,58.705683,-118.691183,2007
1893,58.698467,-118.6868,2007
1894,58.821386,-118.826662,2007
1895,58.703817,-118.681717,2007
1896,58.697833,-118.677917,2007
1897,58.28163,-116.50252,2007
1898,58.7226,-118.74515,2007
1899,59.017633,-117.682167,2007
1900,58.71085,-118.693033,2007
1901,58.712767,-118.690817,2007
1902,58.456967,-114.565667,2007
1903,58.434,-116.22,2007
1904,58.465767,-114.539433,2007
1905,58.517833,-117.04,2007
1906,58.445583,-114.579165,2007
1907,58.467346,-114.52339,2007
1908,58.466,-114.522667,2007
1909,58.467346,-114.537506,2007
1910,58.465383,-114.513433,2007
1911,58.46695,-114.534883,2007
1912,58.482783,-114.362483,2007
1913,58.465683,-114.54345,2007
1914,58.465867,-114.521467,2007
1915,58.816667,-118.724833,2007
1916,58.326167,-115.429167,2007
1917,58.46585,-114.523083,2007
1918,58.738202,-117.313688,2007
1919,58.372333,-115.025917,2007
1920,58.47466,-114.997481,2007
1921,58.72785,-117.248183,2007
1922,58.02005,-116.798733,2007
1923,54.76229,-111.88693,2007
1924,54.517218,-110.414233,2007
1925,54.673046,-111.916941,2007
1926,54.513023,-111.356236,2007
1927,54.633833,-111.890667,2007
1928,54.677,-111.915,2007
1929,54.6505,-111.892,2007
1930,54.6845,-111.911833,2007
1931,54.8677,-111.8879,2007
1932,54.769167,-111.912633,2007
1933,55.932883,-110.646717,2007
1934,54.680617,-111.893833,2007
1935,54.891199,-111.91466,2007
1936,55.9415,-110.735717,2007
1937,54.624233,-111.842233,2007
1938,55.902638,-110.752041,2007
1939,55.931567,-110.725617,2007
1940,54.936,-113.017,2007
1941,55.9181,-110.733217,2007
1942,54.678888,-111.904443,2007
1943,55.566,-110.931,2007
1944,55.130467,-113.23775,2007
1945,55.132667,-112.4405,2007
1946,54.452417,-111.56315,2007
1947,55.907,-110.502167,2007
1948,55.904967,-110.737317,2007
1949,54.735845,-114.098511,2007
1950,54.80575,-111.55585,2007
1951,55.391267,-111.12455,2007
1952,55.998183,-111.959833,2007
1953,55.065517,-111.44805,2007
1954,55.938954,-110.719491,2007
1955,54.673046,-110.933996,2007
1956,55.241633,-112.363917,2007
1957,55.2686,-113.21225,2007
1958,55.928113,-110.725936,2007
1959,54.665817,-111.041345,2007
1960,55.561417,-112.404517,2007
1961,54.671133,-111.304283,2007
1962,55.069294,-112.403817,2007
1963,57.226417,-111.5107,2007
1964,56.689167,-111.292222,2007
1965,58.225703,-111.278737,2007
1966,56.136033,-111.774217,2007
1967,56.458947,-111.127669,2007
1968,57.6988,-111.336783,2007
1969,56.588667,-111.322833,2007
1970,58.039722,-113.824717,2007
1971,58.764833,-111.106167,2007
1972,56.594217,-111.325133,2007
1973,56.69315,-111.414,2007
1974,56.807167,-111.739967,2007
1975,56.6759,-111.381933,2007
1976,56.830967,-111.44445,2007
1977,56.779233,-111.4396,2007
1978,56.329899,-117.102933,2007
1979,56.354183,-119.500617,2007
1980,56.363433,-118.777233,2007
1981,57.878667,-117.61365,2007
1982,56.337967,-117.661133,2007
1983,57.919067,-117.895333,2007
1984,57.813573,-117.66195,2007
1985,56.57855,-119.9615,2007
1986,56.58515,-119.899867,2007
1987,56.47725,-116.410817,2007
1988,52.19675,-116.464367,2007
1989,52.401917,-116.249383,2007
1990,52.073517,-115.001117,2007
1991,51.993186,-115.152152,2007
1992,52.00774,-115.152152,2007
1993,52.455612,-116.162119,2007
1994,52.821967,-114.743483,2007
1995,51.811237,-115.143241,2007
1996,52.892357,-115.128171,2007
1997,55.341167,-115.783267,2007
1998,55.9473,-115.5979,2007
1999,55.40895,-116.222833,2007
2000,55.993483,-113.885717,2007
2001,55.279133,-114.797983,2007
2002,55.4761,-116.174417,2007
2003,55.212117,-116.288233,2007
2004,55.348436,-115.725557,2007
2005,55.915417,-115.652067,2007
2006,55.306217,-114.732433,2007
2007,55.9501,-113.814083,2007
2008,54.753,-116.285667,2007
2009,55.205917,-114.7823,2007
2010,55.3588,-115.870317,2007
2011,55.86465,-115.182367,2007
2012,55.432617,-116.81295,2007
2013,56.568092,-115.094245,2007
2014,55.6548,-116.639933,2007
2015,55.345783,-116.61815,2007
2016,55.919817,-113.9397,2007
2017,55.070183,-115.648,2007
2018,55.0993,-115.686633,2007
2019,55.253843,-114.225186,2007
2020,54.339483,-114.7772,2007
2021,54.159233,-115.675683,2007
2022,53.9901,-115.788351,2007
2023,54.21211,-115.896985,2007
2024,54.53745,-114.30015,2007
2025,54.697783,-114.30215,2007
2026,51.1632,-114.903617,2006
2027,51.139444,-114.9025,2006
2028,51.167917,-114.822067,2006
2029,51.178735,-114.922167,2006
2030,51.1598,-114.975067,2006
2031,50.857652,-114.652967,2006
2032,50.851667,-114.6275,2006
2033,51.649617,-115.302383,2006
2034,51.401383,-115.193617,2006
2035,49.361667,-114.328333,2006
2036,50.907333,-114.656,2006
2037,51.161883,-114.869317,2006
2038,53.64142,-118.1875,2006
2039,53.46404,-117.78005,2006
2040,53.4518,-117.78702,2006
2041,53.42532,-117.75154,2006
2042,53.42543,-117.7514,2006
2043,53.37847,-117.63683,2006
2044,53.44268,-117.47948,2006
2045,53.55636,-119.6292,2006
2046,53.39032,-117.36966,2006
2047,53.157883,-115.429783,2006
2048,53.7757,-119.760791,2006
2049,53.80148,-119.54393,2006
2050,53.791567,-119.743,2006
2051,53.518567,-116.626317,2006
2052,53.16635,-116.643217,2006
2053,53.969517,-118.512417,2006
2054,55.072087,-117.489872,2006
2055,55.069967,-117.48555,2006
2056,54.995883,-118.850367,2006
2057,55.026876,-118.885458,2006
2058,55.145683,-118.074217,2006
2059,55.8705,-119.1055,2006
2060,56.253833,-119.027783,2006
2061,55.515792,-119.984703,2006
2062,55.136733,-118.178183,2006
2063,55.136733,-118.178183,2006
2064,55.135837,-118.175237,2006
2065,55.1381,-118.18115,2006
2066,55.1381,-118.18115,2006
2067,55.135837,-118.175237,2006
2068,55.13945,-118.181885,2006
2069,55.086983,-119.892517,2006
2070,55.720733,-119.827817,2006
2071,55.842083,-119.228983,2006
2072,54.350328,-119.919998,2006
2073,55.048651,-118.745792,2006
2074,58.04015,-115.6019,2006
2075,58.70935,-118.680183,2006
2076,58.704033,-118.689167,2006
2077,58.706867,-118.668083,2006
2078,58.713033,-118.673383,2006
2079,58.711567,-118.711567,2006
2080,58.712309,-118.72095,2006
2081,58.712309,-118.727905,2006
2082,58.7032,-118.678583,2006
2083,58.697771,-118.685829,2006
2084,58.7207,-118.74362,2006
2085,58.708697,-118.756071,2006
2086,58.69945,-118.681967,2006
2087,58.697467,-118.682383,2006
2088,58.7075,-118.6876,2006
2089,58.50121,-117.022192,2006
2090,58.724383,-118.7383,2006
2091,58.712309,-118.678874,2006
2092,58.710333,-118.696717,2006
2093,58.7097,-118.696683,2006
2094,58.709383,-118.694933,2006
2095,58.457733,-114.529,2006
2096,58.516617,-117.053783,2006
2097,58.71592,-118.756071,2006
2098,58.719623,-118.707041,2006
2099,58.465267,-114.448183,2006
2100,58.708317,-118.67895,2006
2101,58.7095,-118.69455,2006
2102,58.70565,-118.69535,2006
2103,58.467346,-114.551277,2006
2104,58.306905,-115.855722,2006
2105,58.706617,-118.6921,2006
2106,58.710333,-118.724267,2006
2107,58.708333,-118.72625,2006
2108,58.708697,-118.685829,2006
2109,58.387317,-115.97025,2006
2110,58.708697,-118.692784,2006
2111,58.496423,-115.123148,2006
2112,58.445167,-114.409733,2006
2113,58.452807,-114.383951,2006
2114,58.079867,-116.285,2006
2115,58.1717,-116.275283,2006
2116,58.708697,-118.72095,2006
2117,58.710367,-118.665067,2006
2118,58.715167,-118.7416,2006
2119,58.5156,-116.8071,2006
2120,58.7,-118.711167,2006
2121,58.694583,-118.67595,2006
2122,58.694667,-118.6805,2006
2123,58.467383,-114.5282,2006
2124,58.451667,-114.579167,2006
2125,58.455583,-114.527,2006
2126,58.710933,-118.71595,2006
2127,58.4575,-114.523833,2006
2128,58.710683,-118.7158,2006
2129,58.468333,-114.535,2006
2130,58.451167,-114.534,2006
2131,58.4523,-114.528217,2006
2132,58.720067,-118.751333,2006
2133,58.468167,-114.538167,2006
2134,58.863,-118.8583,2006
2135,58.467667,-114.531833,2006
2136,58.7211,-118.741267,2006
2137,58.458867,-114.5273,2006
2138,58.455667,-114.5255,2006
2139,58.464085,-114.563023,2006
2140,58.464917,-114.53945,2006
2141,58.80885,-118.724583,2006
2142,58.467346,-114.342292,2006
2143,58.46255,-114.544033,2006
2144,58.707733,-118.700583,2006
2145,57.581,-114.444,2006
2146,58.837729,-118.851351,2006
2147,58.82135,-118.872867,2006
2148,58.69725,-118.774,2006
2149,58.642817,-119.510067,2006
2150,58.426067,-114.7721,2006
2151,58.426,-114.7725,2006
2152,58.165183,-114.494333,2006
2153,58.50795,-115.11845,2006
2154,58.4985,-114.955283,2006
2155,58.462662,-114.44332,2006
2156,58.469917,-114.5733,2006
2157,58.2285,-114.3251,2006
2158,55.02737,-111.54191,2006
2159,55.007572,-111.723841,2006
2160,55.003958,-111.730118,2006
2161,54.690833,-111.753333,2006
2162,55.842733,-110.87665,2006
2163,55.94035,-110.737067,2006
2164,55.908467,-110.746067,2006
2165,55.906252,-110.745595,2006
2166,55.931727,-110.725936,2006
2167,55.028833,-111.5394,2006
2168,55.980217,-110.658667,2006
2169,55.93534,-110.713045,2006
2170,54.722383,-110.69355,2006
2171,55.937983,-110.718917,2006
2172,55.568133,-110.802133,2006
2173,54.433283,-111.72865,2006
2174,54.687717,-110.9884,2006
2175,55.9302,-110.731983,2006
2176,55.917733,-110.737167,2006
2177,54.70565,-111.903933,2006
2178,55.93534,-110.719491,2006
2179,55.1957,-113.20425,2006
2180,55.051043,-113.763707,2006
2181,55.914933,-110.463033,2006
2182,55.074733,-112.78875,2006
2183,55.038567,-111.542733,2006
2184,54.815167,-111.566,2006
2185,55.6366,-111.05235,2006
2186,55.240333,-113.188333,2006
2187,57.419567,-111.324617,2006
2188,57.385833,-111.964167,2006
2189,56.684432,-111.304142,2006
2190,57.166133,-111.635017,2006
2191,56.65489,-111.18048,2006
2192,57.8822,-111.044,2006
2193,57.9767,-111.0128,2006
2194,57.211117,-111.647617,2006
2195,57.90375,-111.038067,2006
2196,57.308,-111.869,2006
2197,57.296667,-111.502833,2006
2198,56.688433,-111.299533,2006
2199,59.928983,-111.814533,2006
2200,57.181617,-111.639133,2006
2201,57.461483,-111.553317,2006
2202,56.631533,-111.438017,2006
2203,56.704283,-110.750017,2006
2204,56.305717,-118.311667,2006
2205,56.50005,-116.541467,2006
2206,56.440183,-116.09935,2006
2207,56.481667,-116.354722,2006
2208,55.997967,-116.779583,2006
2209,56.466299,-116.381934,2006
2210,56.491944,-117.324722,2006
2211,56.33639,-118.904713,2006
2212,56.338183,-118.90705,2006
2213,56.495967,-117.2785,2006
2214,57.838056,-117.609722,2006
2215,56.495386,-117.277573,2006
2216,56.466367,-116.3988,2006
2217,56.326112,-118.588512,2006
2218,57.646408,-117.193453,2006
2219,56.746986,-118.414543,2006
2220,56.6365,-119.473667,2006
2221,56.689167,-118.601111,2006
2222,56.671667,-117.255167,2006
2223,56.509383,-117.203333,2006
2224,56.624267,-117.936233,2006
2225,52.763233,-115.353933,2006
2226,52.635333,-115.383667,2006
2227,52.398333,-116.233517,2006
2228,52.697333,-115.317167,2006
2229,52.6991,-115.325833,2006
2230,53.052099,-115.131385,2006
2231,52.504764,-115.230282,2006
2232,53.107817,-116.146917,2006
2233,53.092767,-115.198167,2006
2234,52.13149,-115.235311,2006
2235,52.321022,-116.149976,2006
2236,52.814267,-114.877283,2006
2237,52.231817,-114.939417,2006
2238,52.224917,-115.0178,2006
2239,52.422983,-114.981083,2006
2240,52.078133,-116.103733,2006
2241,55.639578,-116.063384,2006
2242,55.51885,-116.164667,2006
2243,55.98085,-113.890533,2006
2244,55.957783,-113.779167,2006
2245,55.910533,-115.64475,2006
2246,55.356533,-115.783,2006
2247,56.335667,-113.384167,2006
2248,56.671383,-114.577467,2006
2249,55.97555,-113.84165,2006
2250,56.482767,-116.05135,2006
2251,55.904717,-115.6341,2006
2252,55.91575,-115.650867,2006
2253,55.918733,-113.946117,2006
2254,55.342925,-115.77368,2006
2255,56.142413,-113.85808,2006
2256,55.636133,-116.072417,2006
2257,55.185117,-116.232017,2006
2258,55.534148,-116.147708,2006
2259,55.9074,-115.642467,2006
2260,55.890717,-115.6445,2006
2261,55.304997,-114.762167,2006
2262,55.405233,-116.0864,2006
2263,55.537763,-116.166873,2006
2264,55.922656,-115.664957,2006
2265,55.304799,-114.956217,2006
2266,56.274417,-114.157783,2006
2267,55.907133,-115.621,2006
2268,57.098367,-114.048867,2006
2269,55.304,-114.737967,2006
2270,55.28585,-116.488717,2006
2271,55.949617,-113.730433,2006
2272,56.678833,-114.579333,2006
2273,55.480283,-115.394617,2006
2274,55.8688,-115.106883,2006
2275,56.862509,-113.37555,2006
2276,55.767167,-114.405333,2006
2277,54.85218,-115.256247,2006
2278,55.3601,-115.01135,2006
2279,55.516817,-114.940033,2006
2280,55.984917,-113.86815,2006
2281,55.797383,-113.3923,2006
2282,54.076683,-115.850583,2006
2283,54.372143,-114.934985,2006
2284,54.292883,-116.0708,2006
2285,54.45495,-114.583117,2006
2286,54.497733,-115.374283,2006
2287,54.46125,-115.519597,2006
2288,54.225483,-115.071483,2006
2289,54.208483,-115.229217,2006
2290,54.133133,-116.640233,2006
2291,54.208425,-116.065794,2006
